City_ID,City,Country,Date,Lat,Lng,Max Temp,Humidity,Cloudiness,Wind Speed
0,Aykhal,RU,2022-01-31 23:57:16,66.0,111.5,-27.47,100,89,4.97
1,Atuona,PF,2022-01-31 23:57:25,-9.8,-139.0333,78.46,77,14,18.12
2,Bluff,NZ,2022-01-31 23:57:38,-46.6,168.3333,75.79,80,37,3.31
3,Busselton,AU,2022-01-31 23:57:39,-33.65,115.3333,64.04,53,1,17.31
4,Kruisfontein,ZA,2022-01-31 23:57:39,-34.0033,24.7314,70.88,98,99,4.63
5,Tuktoyaktuk,CA,2022-01-31 23:57:40,69.4541,-133.0374,-18.4,76,75,0.0
6,Rikitea,PF,2022-01-31 23:57:40,-23.1203,-134.9692,78.01,67,66,4.72
7,Tiksi,RU,2022-01-31 23:57:41,71.6872,128.8694,-10.71,100,100,6.58
8,Avarua,CK,2022-01-31 23:57:41,-21.2078,-159.775,71.65,100,100,9.22
9,Puerto Ayora,EC,2022-01-31 23:57:43,-0.7393,-90.3518,74.55,93,72,1.01
10,Jamestown,US,2022-01-31 23:57:44,42.097,-79.2353,20.34,92,41,3.22
11,Cape Town,ZA,2022-01-31 23:57:03,-33.9258,18.4232,74.12,80,0,2.3
12,Nakhon Nayok,TH,2022-01-31 23:57:44,14.1667,101.1,82.02,88,16,3.89
13,Vostok,RU,2022-01-31 23:57:44,46.4856,135.8833,-3.24,94,99,3.71
14,Qaanaaq,GL,2022-01-31 23:57:45,77.484,-69.3632,-21.96,53,0,11.34
15,Creel,MX,2022-01-31 23:57:45,27.75,-107.6333,49.89,35,1,9.48
16,Vaini,TO,2022-01-31 23:57:46,-21.2,-175.2,86.16,79,75,10.36
17,Doha,QA,2022-01-31 23:56:11,25.2867,51.5333,64.29,88,0,5.75
18,Yumen,CN,2022-01-31 23:57:47,40.2833,97.2,14.4,30,96,5.79
19,Upernavik,GL,2022-01-31 23:53:10,72.7868,-56.1549,-17.36,97,100,7.25
20,Portland,US,2022-01-31 23:53:30,45.5234,-122.6762,48.69,81,97,1.99
21,Punta Arenas,CL,2022-01-31 23:57:48,-53.15,-70.9167,46.51,81,40,24.16
22,Bubaque,GW,2022-01-31 23:57:48,11.2833,-15.8333,77.52,67,88,13.18
23,Nikolskoye,RU,2022-01-31 23:57:49,59.7035,30.7861,26.4,96,100,5.08
24,Hermanus,ZA,2022-01-31 23:57:49,-34.4187,19.2345,74.8,88,2,9.01
25,Lavrentiya,RU,2022-01-31 23:57:34,65.5833,-171.0,-1.46,84,38,11.07
26,Ushuaia,AR,2022-01-31 23:53:55,-54.8,-68.3,42.46,87,40,24.16
27,Georgetown,MY,2022-01-31 23:55:06,5.4112,100.3354,78.89,88,20,3.0
28,Nishihara,JP,2022-01-31 23:57:50,26.1842,127.7558,60.08,67,75,8.05
29,Vanavara,RU,2022-01-31 23:57:51,60.34,102.2797,-11.22,100,91,1.97
30,Arlit,NE,2022-01-31 23:57:52,18.7369,7.3853,54.16,21,0,3.98
31,Albany,US,2022-01-31 23:56:56,42.6001,-73.9662,20.55,65,15,1.9
32,Vao,NC,2022-01-31 23:57:52,-22.6667,167.4833,77.88,84,100,9.06
33,Bowen,AU,2022-01-31 23:57:53,-20.0167,148.2333,84.42,71,10,4.16
34,Dikson,RU,2022-01-31 23:57:53,73.5069,80.5464,-2.56,90,100,18.07
35,Demirci,TR,2022-01-31 23:57:54,39.0461,28.6589,28.18,86,57,4.79
36,Barbate,ES,2022-01-31 23:57:54,36.1924,-5.9219,53.71,57,0,4.63
37,Chuy,UY,2022-01-31 23:57:55,-33.6971,-53.4616,63.1,63,22,9.1
38,Taoudenni,ML,2022-01-31 23:54:44,22.6783,-3.9836,67.66,8,68,12.66
39,Veraval,IN,2022-01-31 23:54:16,20.9,70.3667,68.68,82,0,11.05
40,Zdvinsk,RU,2022-01-31 23:57:56,54.7021,78.661,10.17,96,94,9.82
41,Morondava,MG,2022-01-31 23:57:56,-20.2833,44.2833,78.12,79,2,4.12
42,Hobart,AU,2022-01-31 23:57:58,-42.8794,147.3294,83.05,52,40,5.01
43,Hasaki,JP,2022-01-31 23:57:58,35.7333,140.8333,39.29,40,44,4.47
44,Halifax,CA,2022-01-31 23:54:00,44.6453,-63.5724,23.05,74,68,3.44
45,Castro,BR,2022-01-31 23:58:59,-24.7911,-50.0119,63.16,92,13,3.71
46,Qaqortoq,GL,2022-01-31 23:58:59,60.7167,-46.0333,20.93,76,97,19.42
47,Zeya,RU,2022-01-31 23:59:00,53.75,127.2667,-7.31,86,12,4.21
48,Esperance,AU,2022-01-31 23:59:00,-33.8667,121.9,64.24,57,87,16.89
49,Victoria,HK,2022-01-31 23:54:05,22.2855,114.1577,58.95,92,95,1.99
50,Talnakh,RU,2022-01-31 23:59:01,69.4865,88.3972,6.21,96,100,9.06
51,Saldanha,ZA,2022-01-31 23:54:57,-33.0117,17.9442,66.25,77,16,6.76
52,Guanica,PR,2022-01-31 23:59:02,17.9716,-66.908,79.92,77,34,1.01
53,Preobrazheniye,RU,2022-01-31 23:59:02,42.9019,133.9064,15.24,53,0,6.76
54,Coos Bay,US,2022-01-31 23:59:02,43.3665,-124.2179,48.92,94,88,6.93
55,Porosozero,RU,2022-01-31 23:59:03,62.7191,32.727,12.87,95,100,6.93
56,Vestmanna,FO,2022-01-31 23:58:30,62.1564,-7.1664,45.52,81,100,32.21
57,Ambovombe,MG,2022-01-31 23:59:04,-25.1667,46.0833,70.86,84,49,10.69
58,Bredasdorp,ZA,2022-01-31 23:59:04,-34.5322,20.0403,74.28,88,23,4.61
59,Barcelona,ES,2022-01-31 23:55:04,41.3888,2.159,54.72,86,17,6.91
60,Tocopilla,CL,2022-01-31 23:59:05,-22.092,-70.1979,67.51,68,6,3.15
61,Ravenna,IT,2022-01-31 23:59:05,44.4167,11.9833,48.22,90,34,3.0
62,The Valley,AI,2022-01-31 23:59:06,18.217,-63.0578,78.94,73,20,8.05
63,Cherskiy,RU,2022-01-31 23:59:06,68.75,161.3,-10.61,91,100,3.62
64,Lampazos De Naranjo,MX,2022-01-31 23:59:07,27.0167,-100.5167,73.71,24,0,4.07
65,Klaksvik,FO,2022-01-31 23:59:07,62.2266,-6.589,47.32,82,100,36.84
66,Igarka,RU,2022-01-31 23:58:57,67.4667,86.5833,3.22,95,100,15.03
67,Port Elizabeth,ZA,2022-01-31 23:58:45,-33.918,25.5701,73.69,94,100,9.22
68,Butaritari,KI,2022-01-31 23:54:56,3.0707,172.7902,81.45,79,78,13.31
69,Kapaa,US,2022-01-31 23:59:08,22.0752,-159.319,76.12,59,100,1.01
70,Vardo,NO,2022-01-31 23:59:09,70.3705,31.1107,22.51,80,56,8.79
71,Henties Bay,NA,2022-01-31 23:59:09,-22.116,14.2845,69.85,78,100,7.07
72,Mahebourg,MU,2022-01-31 23:54:53,-20.4081,57.7,79.25,78,75,14.97
73,Moose Factory,CA,2022-01-31 23:59:10,51.2585,-80.6094,-2.2,60,75,9.22
74,Kloulklubed,PW,2022-01-31 23:59:10,7.0419,134.2556,82.98,73,100,18.37
75,Lima,PE,2022-01-31 23:55:13,-12.0432,-77.0282,74.89,69,0,10.36
76,Nkhotakota,MW,2022-01-31 23:59:11,-12.9274,34.2961,72.5,83,39,4.94
77,Mataura,NZ,2022-01-31 23:56:10,-46.1927,168.8643,75.47,50,65,1.88
78,Praia,CV,2022-01-31 23:54:41,14.9215,-23.5087,70.34,88,0,13.8
79,Mar Del Plata,AR,2022-01-31 23:59:10,-38.0023,-57.5575,64.42,58,0,5.75
80,Puerto Del Rosario,ES,2022-01-31 23:59:12,28.5004,-13.8627,69.48,63,100,6.91
81,Kapit,MY,2022-01-31 23:59:13,2.0167,112.9333,73.56,98,100,2.15
82,Koungou,YT,2022-01-31 23:57:02,-12.7336,45.2042,82.11,83,0,8.05
83,Waycross,US,2022-01-31 23:59:14,31.2136,-82.354,55.87,54,0,0.0
84,Tezu,IN,2022-01-31 23:59:15,27.9167,96.1667,54.37,85,100,1.97
85,Ixtapa,MX,2022-01-31 23:54:27,20.7,-105.2,76.23,80,0,5.99
86,Hovd,MN,2022-01-31 23:59:17,48.0056,91.6419,-13.47,80,31,1.43
87,Yulara,AU,2022-01-31 23:59:17,-25.2406,130.9889,69.64,100,100,17.27
88,Ancud,CL,2022-01-31 23:59:18,-41.8697,-73.8203,60.42,75,11,8.12
89,Kavaratti,IN,2022-01-31 23:55:03,10.5669,72.642,80.46,72,2,10.54
90,Souillac,MU,2022-01-31 23:57:00,-20.5167,57.5167,79.36,78,75,14.97
91,Gaya,IN,2022-02-01 00:00:20,24.7833,85.0,52.47,73,15,3.51
92,Pucara,PE,2022-02-01 00:00:20,-15.9803,-71.4606,36.23,82,97,10.11
93,Ilulissat,GL,2022-01-31 23:56:37,69.2167,-51.1,-1.35,98,100,4.59
94,Thompson,CA,2022-01-31 23:57:57,55.7435,-97.8558,1.56,78,100,6.91
95,Altay,CN,2022-02-01 00:00:22,47.8667,88.1167,7.57,64,89,4.85
96,Pangody,RU,2022-02-01 00:00:24,65.85,74.4859,-14.51,100,99,6.02
97,Ostrovnoy,RU,2022-02-01 00:00:26,68.0531,39.5131,11.07,96,100,5.3
98,Arraial Do Cabo,BR,2022-02-01 00:00:26,-22.9661,-42.0278,76.91,87,100,7.58
99,Luderitz,NA,2022-02-01 00:00:28,-26.6481,15.1594,65.66,87,9,5.5
100,Thinadhoo,MV,2022-02-01 00:00:29,0.5333,72.9333,82.56,69,19,11.05
101,Sao Filipe,CV,2022-02-01 00:00:30,14.8961,-24.4956,75.04,69,100,5.35
102,Valle Hermoso,MX,2022-02-01 00:00:31,25.6667,-97.8333,77.04,74,45,12.03
103,Barrow,US,2022-02-01 00:00:31,71.2906,-156.7887,-14.78,76,0,8.05
104,Gao,ML,2022-02-01 00:00:32,16.6362,1.637,63.37,9,34,13.22
105,Torrevieja,ES,2022-01-31 23:58:42,37.9787,-0.6822,61.09,64,1,1.99
106,Hofn,IS,2022-02-01 00:00:33,64.2539,-15.2082,30.36,86,97,8.63
107,Anadyr,RU,2022-01-31 23:57:55,64.75,177.4833,18.1,45,0,8.95
108,Hithadhoo,MV,2022-02-01 00:00:33,-0.6,73.0833,82.11,75,26,11.68
109,Pisco,PE,2022-02-01 00:00:34,-13.7,-76.2167,72.01,83,41,6.17
110,Broome,US,2022-02-01 00:00:34,42.2506,-75.833,19.0,72,11,1.01
111,Leningradskiy,RU,2022-02-01 00:00:35,69.3833,178.4167,-17.01,94,67,9.53
112,Kodiak,US,2022-01-31 23:59:45,57.79,-152.4072,32.04,82,88,5.01
113,Igurusi,TZ,2022-02-01 00:00:36,-8.85,33.85,63.07,97,100,1.12
114,Hamilton,US,2022-02-01 00:00:36,39.1834,-84.5333,35.2,66,73,3.13
115,Cicero Dantas,BR,2022-02-01 00:00:37,-10.6,-38.3833,74.05,71,5,9.91
116,Aswan,EG,2022-02-01 00:00:37,24.0934,32.907,52.07,54,0,7.99
117,Mariental,NA,2022-02-01 00:00:38,-24.6333,17.9667,73.51,72,89,11.52
118,Bac Lieu,VN,2022-01-31 23:56:53,9.285,105.7244,77.83,83,13,13.65
119,Berlevag,NO,2022-02-01 00:00:38,70.8578,29.0864,22.1,75,70,8.21
120,Port Augusta,AU,2022-02-01 00:00:39,-32.5,137.7667,73.71,68,100,19.98
121,Hurghada,EG,2022-02-01 00:00:39,27.2574,33.8129,57.24,51,37,11.7
122,Dingle,PH,2022-02-01 00:00:40,10.9995,122.6711,77.63,86,99,9.71
123,Lahij,YE,2022-02-01 00:00:41,13.1667,44.5833,68.79,73,31,4.21
124,Linhares,BR,2022-01-31 23:58:06,-19.3911,-40.0722,78.67,81,98,4.12
125,Tazovskiy,RU,2022-01-31 23:55:46,67.4667,78.7,0.82,98,100,4.76
126,Longyearbyen,SJ,2022-02-01 00:00:41,78.2186,15.6401,13.84,62,40,2.3
127,Cape Girardeau,US,2022-02-01 00:00:42,37.3834,-89.7168,44.29,74,74,8.14
128,Nenjiang,CN,2022-02-01 00:00:43,49.1833,125.2167,-17.43,100,78,0.65
129,Norman Wells,CA,2022-02-01 00:00:43,65.282,-126.8329,2.25,94,100,13.33
130,Ambilobe,MG,2022-02-01 00:00:44,-13.2,49.05,73.94,94,100,1.61
131,Severo-Kurilsk,RU,2022-02-01 00:00:44,50.6789,156.125,29.05,74,100,21.43
132,Brainerd,US,2022-02-01 00:00:45,46.358,-94.2008,25.05,93,100,10.96
133,Palmerston,AU,2022-02-01 00:00:45,-12.486,130.9833,87.93,80,20,13.8
134,Yerbogachen,RU,2022-02-01 00:00:46,61.2767,108.0108,-14.46,100,95,2.42
135,Pomerode,BR,2022-02-01 00:00:46,-26.7406,-49.1769,76.69,99,33,1.61
136,Shamary,RU,2022-02-01 00:01:47,57.3434,58.2199,10.92,99,96,3.29
137,East Wenatchee Bench,US,2022-02-01 00:01:47,47.4257,-120.2812,41.45,72,30,4.0
138,Merauke,ID,2022-02-01 00:01:48,-8.4667,140.3333,80.56,79,100,10.83
139,Port Alfred,ZA,2022-02-01 00:01:48,-33.5906,26.891,74.95,96,100,5.82
140,Booue,GA,2022-02-01 00:01:49,-0.0921,11.9385,74.53,82,100,2.53
141,Tuatapere,NZ,2022-02-01 00:01:49,-46.1333,167.6833,75.81,48,75,0.58
142,Oranjemund,NA,2022-02-01 00:01:50,-28.55,16.4333,67.12,84,0,7.65
143,Zhigansk,RU,2022-02-01 00:01:50,66.7697,123.3711,-30.69,99,88,7.34
144,Necochea,AR,2022-02-01 00:00:13,-38.5473,-58.7368,61.03,53,44,7.81
145,Prainha,BR,2022-02-01 00:01:51,-1.8,-53.48,73.47,96,74,3.06
146,Rumford,US,2022-02-01 00:01:51,44.5537,-70.5509,13.71,95,62,3.2
147,Carnarvon,AU,2022-02-01 00:01:22,-24.8667,113.6333,81.54,61,1,19.13
148,Burgeo,CA,2022-02-01 00:01:52,47.6167,-57.6152,20.66,73,100,16.08
149,Belmonte,BR,2022-02-01 00:01:53,-15.8631,-38.8828,79.84,83,25,8.68
150,Xai-Xai,MZ,2022-02-01 00:01:53,-25.0519,33.6442,72.57,93,51,5.57
151,Palizada,MX,2022-02-01 00:01:53,18.25,-92.0833,70.14,79,0,4.34
152,Boca Do Acre,BR,2022-02-01 00:01:54,-8.7522,-67.3978,73.94,95,85,1.9
153,Mount Isa,AU,2022-02-01 00:01:54,-20.7333,139.5,85.77,66,73,12.66
154,Aitape,PG,2022-02-01 00:01:55,-3.1374,142.3475,78.1,81,100,3.65
155,Penne,IT,2022-02-01 00:01:55,42.4538,13.9299,44.8,86,100,9.55
156,Faanui,PF,2022-02-01 00:00:28,-16.4833,-151.75,81.05,72,6,21.18
157,Nhlangano,SZ,2022-02-01 00:01:56,-27.1167,31.2,65.08,92,75,2.26
158,Beringovskiy,RU,2022-02-01 00:01:57,63.05,179.3167,6.24,82,96,17.58
159,Sao Joao Da Barra,BR,2022-01-31 23:58:11,-21.6403,-41.0511,77.67,88,92,6.89
160,Cayenne,GF,2022-02-01 00:00:08,4.9333,-52.3333,80.1,84,75,4.0
161,Asilah,MA,2022-02-01 00:01:58,35.465,-6.0348,49.96,73,0,4.18
162,Codrington,AU,2022-02-01 00:01:10,-38.2667,141.9667,63.19,62,71,20.49
163,Yellowknife,CA,2022-01-31 23:59:35,62.456,-114.3525,-10.44,83,20,5.75
164,Paracuru,BR,2022-02-01 00:01:58,-3.41,-39.0306,82.11,76,56,10.42
165,Provideniya,RU,2022-01-31 23:58:56,64.3833,-173.3,5.36,66,40,26.84
166,Gat,IL,2022-02-01 00:01:59,31.61,34.7642,52.39,100,53,8.1
167,Nanortalik,GL,2022-02-01 00:00:45,60.1432,-45.2371,25.61,81,100,16.84
168,Saint George,US,2022-02-01 00:02:00,37.1041,-113.5841,61.32,17,0,1.99
169,Bambous Virieux,MU,2022-02-01 00:02:01,-20.3428,57.7575,79.21,73,53,23.85
170,Luyang,CN,2022-02-01 00:02:01,27.6239,110.0989,36.36,98,100,3.69
171,Langham,CA,2022-02-01 00:02:02,52.3668,-106.9679,7.02,90,100,23.44
172,Robe,AU,2022-02-01 00:02:03,-37.1833,139.75,61.57,65,71,23.09
173,Ozernovskiy,RU,2022-02-01 00:02:03,51.5,156.5167,23.47,73,99,11.59
174,Walvis Bay,NA,2022-02-01 00:02:04,-22.9575,14.5053,70.09,83,100,8.01
175,Lahaina,US,2022-01-31 23:58:58,20.8783,-156.6825,76.95,77,83,8.14
176,Saskylakh,RU,2022-02-01 00:02:05,71.9167,114.0833,-28.8,100,80,2.24
177,Ust-Nera,RU,2022-02-01 00:02:05,64.5667,143.2,-3.68,99,100,3.56
178,Fengzhen,CN,2022-02-01 00:02:06,40.4394,113.1536,7.7,68,0,1.32
179,Port Blair,IN,2022-02-01 00:01:58,11.6667,92.75,72.12,76,31,6.49
180,Saint-Philippe,RE,2022-02-01 00:02:07,-21.3585,55.7679,78.39,80,100,14.81
181,Mandurah,AU,2022-02-01 00:02:07,-32.55,115.7,68.16,54,16,21.18
182,Cockburn Town,TC,2022-02-01 00:02:08,21.4612,-71.1419,73.85,72,96,22.57
183,Fukuma,JP,2022-02-01 00:03:08,33.7667,130.4667,41.29,68,96,18.37
184,Ponta Do Sol,PT,2022-02-01 00:00:42,32.6667,-17.1,66.0,83,32,12.95
185,Ust-Maya,RU,2022-02-01 00:03:09,60.4167,134.5333,-15.74,98,100,1.1
186,Wagar,SD,2022-02-01 00:03:09,16.1525,36.2032,66.58,23,26,10.74
187,Ondjiva,AO,2022-02-01 00:03:10,-17.0667,15.7333,70.83,34,95,7.09
188,La Asuncion,VE,2022-02-01 00:03:10,11.0333,-63.8628,76.71,83,51,13.18
189,Sena Madureira,BR,2022-02-01 00:03:11,-9.0656,-68.6569,76.08,85,92,2.66
190,Hualmay,PE,2022-02-01 00:03:11,-11.0964,-77.6139,71.37,81,71,8.59
191,New Norfolk,AU,2022-02-01 00:03:03,-42.7826,147.0587,82.71,39,27,5.99
192,Tasiilaq,GL,2022-02-01 00:03:12,65.6145,-37.6368,8.76,98,96,5.26
193,Namatanai,PG,2022-02-01 00:03:12,-3.6667,152.4333,82.27,75,95,5.88
194,Hilo,US,2022-02-01 00:03:13,19.7297,-155.09,80.33,62,40,10.36
195,Airai,TL,2022-02-01 00:03:13,-8.9266,125.4092,67.42,70,78,5.57
196,Havre-Saint-Pierre,CA,2022-02-01 00:03:03,50.2334,-63.5986,10.04,76,96,12.73
197,Lagoa,PT,2022-02-01 00:03:14,39.05,-27.9833,58.46,77,33,23.49
198,San Quintin,MX,2022-02-01 00:03:14,30.4833,-115.95,61.56,61,84,10.85
199,Kavieng,PG,2022-02-01 00:00:29,-2.5744,150.7967,80.92,80,100,9.84
200,Bonthe,SL,2022-02-01 00:03:15,7.5264,-12.505,76.96,91,56,5.88
201,Bethel,US,2022-02-01 00:03:15,41.3712,-73.414,24.67,62,0,0.0
202,Kalmunai,LK,2022-02-01 00:03:16,7.4167,81.8167,78.01,68,99,7.96
203,Alofi,NU,2022-02-01 00:03:16,-19.0595,-169.9187,78.87,69,86,6.53
204,Ribeira Grande,PT,2022-02-01 00:03:17,38.5167,-28.7,59.83,75,14,14.32
205,Constitucion,CL,2022-02-01 00:01:02,-35.3333,-72.4167,60.04,71,0,10.54
206,Ferme-Neuve,CA,2022-02-01 00:03:18,46.7001,-75.4493,2.41,96,72,2.13
207,Te Anau,NZ,2022-02-01 00:03:18,-45.4167,167.7167,72.43,44,92,2.15
208,Monduli,TZ,2022-02-01 00:03:19,-3.3,36.45,61.36,97,100,3.42
209,Boa Vista,BR,2022-02-01 00:03:19,2.8197,-60.6733,85.32,49,95,4.9
210,Fukue,JP,2022-02-01 00:03:20,32.6881,128.8419,49.37,62,97,20.69
211,Rongcheng,CN,2022-02-01 00:03:20,30.634,117.8517,39.92,85,98,3.76
212,Lebu,CL,2022-02-01 00:03:21,-37.6167,-73.65,58.14,74,2,17.34
213,Zhenlai,CN,2022-02-01 00:03:21,45.8495,123.2973,-6.66,90,10,4.21
214,Tual,ID,2022-02-01 00:03:22,-5.6667,132.75,83.86,74,100,21.65
215,Cidreira,BR,2022-02-01 00:01:43,-30.1811,-50.2056,73.33,85,26,3.89
216,Cuamba,MZ,2022-02-01 00:03:23,-14.8031,36.5372,67.06,97,4,1.81
217,Chokurdakh,RU,2022-02-01 00:03:23,70.6333,147.9167,-13.92,95,100,2.24
218,Roald,NO,2022-02-01 00:00:01,62.5833,6.1333,31.33,93,100,12.66
219,Columbia,US,2022-02-01 00:01:22,34.0007,-81.0348,51.89,58,83,3.13
220,Mareeba,AU,2022-02-01 00:03:24,-17.0,145.4333,85.48,86,80,6.11
221,Narsaq,GL,2022-02-01 00:03:25,60.9167,-46.05,26.82,88,99,5.66
222,Port Hedland,AU,2022-02-01 00:03:25,-20.3167,118.5667,84.25,84,100,0.0
223,East London,ZA,2022-02-01 00:03:03,-33.0153,27.9116,77.18,73,100,2.71
224,Kropotkin,RU,2022-02-01 00:03:26,45.4375,40.5756,33.22,94,100,7.27
225,Oakdale,US,2022-02-01 00:03:27,44.963,-92.9649,28.56,75,0,3.0
226,Muli,MV,2022-02-01 00:03:27,2.9167,73.5667,81.97,78,12,13.0
227,La Gloria,CO,2022-02-01 00:03:27,8.6187,-73.8027,81.81,60,73,0.43
228,Barra Patuca,HN,2022-02-01 00:03:28,15.8,-84.2833,72.88,69,40,5.99
229,Santa Isabel Do Rio Negro,BR,2022-02-01 00:04:28,-0.4139,-65.0192,77.83,77,99,3.15
230,General Roca,AR,2022-02-01 00:04:29,-39.0333,-67.5833,81.63,16,1,6.98
231,Dukat,RU,2022-02-01 00:01:27,62.55,155.55,-4.63,96,100,6.78
232,Khatanga,RU,2022-02-01 00:04:31,71.9667,102.5,-28.84,100,44,2.91
233,Hami,CN,2022-02-01 00:04:25,42.8,93.45,19.76,39,1,2.13
234,Mount Gambier,AU,2022-02-01 00:04:32,-37.8333,140.7667,66.11,52,75,19.57
235,Salalah,OM,2022-01-31 23:59:59,17.0151,54.0924,66.58,68,2,4.72
236,Lasa,IT,2022-02-01 00:04:33,46.6166,10.7002,34.7,95,96,7.49
237,Ugoofaaru,MV,2022-02-01 00:04:33,5.6667,73.0,82.29,72,11,12.57
238,Coihaique,CL,2022-02-01 00:02:06,-45.5752,-72.0662,59.61,88,71,11.61
239,Kahului,US,2022-02-01 00:00:32,20.8947,-156.47,76.96,77,73,8.99
240,Sakaiminato,JP,2022-02-01 00:04:34,35.55,133.2333,43.7,62,55,14.72
241,Yar-Sale,RU,2022-02-01 00:04:35,66.8333,70.8333,-16.76,100,68,5.55
242,Cururupu,BR,2022-02-01 00:04:35,-1.8283,-44.8683,74.97,95,98,4.14
243,Lady Frere,ZA,2022-02-01 00:04:35,-31.7031,27.2329,66.58,86,100,4.97
244,Teguise,ES,2022-02-01 00:04:36,29.0605,-13.564,66.42,56,97,13.8
245,Pevek,RU,2022-02-01 00:04:36,69.7008,170.3133,-17.48,97,92,0.81
246,Samarai,PG,2022-02-01 00:04:37,-10.6167,150.6667,85.08,67,100,12.66
247,Oriximina,BR,2022-02-01 00:04:37,-1.7656,-55.8661,75.42,92,51,3.96
248,Dudinka,RU,2022-02-01 00:04:38,69.4058,86.1778,6.62,94,99,8.93
249,Mikhaylovka,RU,2022-02-01 00:04:38,50.06,43.2379,35.78,87,100,16.04
250,Salta,AR,2022-02-01 00:04:39,-24.7859,-65.4117,67.57,70,100,1.99
251,Panzos,GT,2022-02-01 00:04:39,15.4,-89.6667,68.74,85,1,1.45
252,Turbiv,UA,2022-02-01 00:04:40,49.3479,28.7212,23.23,94,96,7.38
253,Akdepe,TM,2022-02-01 00:04:40,42.0551,59.3788,32.0,80,12,9.8
254,Acapulco,MX,2022-02-01 00:01:07,16.8634,-99.8901,80.47,63,0,9.93
255,Bathsheba,BB,2022-02-01 00:04:41,13.2167,-59.5167,79.41,78,40,9.22
256,Kolosovka,RU,2022-02-01 00:04:41,56.4678,73.611,16.45,96,93,5.86
257,Northam,GB,2022-01-31 23:59:53,51.0333,-4.2167,48.61,86,86,20.13
258,Progreso,MX,2022-02-01 00:04:42,21.2833,-89.6667,78.91,71,19,18.7
259,Birao,CF,2022-02-01 00:04:42,10.2849,22.7882,69.42,15,83,12.15
260,Karratha,AU,2022-02-01 00:04:43,-20.7377,116.8463,86.7,66,78,5.17
261,Grand Gaube,MU,2022-02-01 00:04:43,-20.0064,57.6608,80.38,71,65,7.0
262,Punta De Piedra,VE,2022-02-01 00:04:44,7.6176,-71.4916,80.33,40,48,1.7
263,Amapa,BR,2022-02-01 00:04:44,1.0,-52.0,71.53,99,90,2.13
264,Imbituba,BR,2022-02-01 00:04:45,-28.24,-48.6703,73.35,91,37,1.95
265,Taltal,CL,2022-02-01 00:03:55,-25.4,-70.4833,66.15,77,5,4.88
266,Sicuani,PE,2022-02-01 00:04:45,-14.2694,-71.2261,48.9,85,100,7.16
267,Kodinsk,RU,2022-02-01 00:04:46,58.6881,99.1844,-3.17,99,96,1.81
268,Nome,US,2022-02-01 00:04:46,64.5011,-165.4064,19.47,42,0,12.66
269,Sao Jose Da Coroa Grande,BR,2022-02-01 00:04:47,-8.8978,-35.1478,79.03,77,10,6.44
270,Mtambile,TZ,2022-02-01 00:04:47,-5.3833,39.7,77.81,79,47,6.76
271,Flin Flon,CA,2022-02-01 00:00:10,54.7682,-101.865,7.11,93,100,13.38
272,Nassau,US,2022-02-01 00:04:48,40.7507,-73.5829,27.72,65,0,1.01
273,Daru,PG,2022-02-01 00:04:49,-9.0763,143.2092,77.63,88,100,8.88
274,Jacareacanga,BR,2022-02-01 00:05:50,-6.2222,-57.7528,73.42,96,97,1.19
275,Skibbereen,IE,2022-02-01 00:05:50,51.55,-9.2667,48.0,86,87,19.42
276,Isla Mujeres,MX,2022-02-01 00:02:41,21.2311,-86.731,71.17,62,97,10.38
277,Kaitangata,NZ,2022-02-01 00:02:00,-46.2817,169.8464,70.93,71,65,5.79
278,Lorengau,PG,2022-02-01 00:05:51,-2.0226,147.2712,78.35,88,100,12.71
279,Emerald,AU,2022-02-01 00:05:52,-23.5333,148.1667,89.35,49,63,8.84
280,Lompoc,US,2022-02-01 00:02:56,34.6391,-120.4579,66.18,73,0,9.22
281,Gizo,SB,2022-02-01 00:05:52,-8.103,156.8419,84.81,71,97,6.13
282,Saint-Joseph,RE,2022-02-01 00:05:53,-21.3667,55.6167,77.38,79,100,15.43
283,Prado,BR,2022-02-01 00:05:53,-17.3411,-39.2208,78.33,88,2,10.65
284,Mwinilunga,ZM,2022-02-01 00:05:54,-11.7358,24.4293,60.53,98,90,3.98
285,Concarneau,FR,2022-02-01 00:05:55,47.875,-3.9225,48.97,85,57,8.88
286,Santa Rosa,PH,2022-02-01 00:04:50,14.3122,121.1114,82.09,67,52,14.36
287,Sao Joao De Pirabas,BR,2022-02-01 00:05:55,-0.7747,-47.1772,75.07,90,99,9.73
288,Kharp,RU,2022-02-01 00:05:56,66.8014,65.8081,-7.22,98,95,2.84
289,Srednekolymsk,RU,2022-02-01 00:04:53,67.45,153.6833,-14.15,92,100,4.65
290,Lazaro Cardenas,MX,2022-02-01 00:05:56,17.9583,-102.2,79.29,62,0,8.34
291,Phuket,TH,2022-02-01 00:05:57,8.0,98.25,79.02,83,75,3.44
292,Eldoret,KE,2022-02-01 00:05:57,0.5204,35.2699,57.65,86,100,1.05
293,Kieta,PG,2022-02-01 00:05:58,-6.2167,155.6333,81.64,79,100,5.23
294,Ittiri,IT,2022-02-01 00:05:58,40.5929,8.5684,49.1,81,71,9.06
295,Nizwa,OM,2022-02-01 00:03:24,22.9333,57.5333,65.14,45,0,2.55
296,Tortoli,IT,2022-02-01 00:05:59,39.9256,9.6572,47.43,71,47,9.69
297,Svarstad,NO,2022-02-01 00:06:00,59.399,9.9698,29.95,40,99,1.01
298,Lofthus,NO,2022-02-01 00:06:00,59.9468,10.8018,24.51,56,69,2.89
299,Banda Aceh,ID,2022-02-01 00:06:01,5.5577,95.3222,76.89,85,99,7.83
300,Carutapera,BR,2022-02-01 00:06:01,-1.195,-46.02,74.75,93,99,11.27
301,Xichang,CN,2022-02-01 00:03:08,27.8964,102.2634,39.94,98,99,3.06
302,Carballo,ES,2022-02-01 00:06:02,43.213,-8.691,50.86,84,11,9.84
303,Vestmannaeyjar,IS,2022-02-01 00:06:03,63.4427,-20.2734,41.72,79,90,36.44
304,Marsaxlokk,MT,2022-02-01 00:06:03,35.8419,14.5431,58.08,71,75,23.02
305,Clyde River,CA,2022-02-01 00:06:04,70.4692,-68.5914,-26.95,82,82,5.21
306,Kununurra,AU,2022-02-01 00:06:04,-15.7667,128.7333,84.18,74,100,12.66
307,Comodoro Rivadavia,AR,2022-02-01 00:06:05,-45.8667,-67.5,71.46,28,58,29.93
308,Vincennes,FR,2022-02-01 00:06:05,48.85,2.4333,37.92,76,0,3.44
309,Stornoway,GB,2022-02-01 00:04:58,58.2093,-6.3865,49.96,92,75,11.99
310,Sept-Iles,CA,2022-02-01 00:02:04,50.2001,-66.3821,0.01,80,45,10.33
311,Krasnokamensk,RU,2022-02-01 00:06:06,50.0979,118.0369,-21.89,99,15,3.15
312,Vila Velha,BR,2022-02-01 00:06:07,-20.3297,-40.2925,75.15,91,100,5.01
313,Gijon,ES,2022-02-01 00:06:07,43.5357,-5.6615,53.8,94,90,5.99
314,Samarinda,ID,2022-02-01 00:06:08,-0.5,117.15,74.03,97,100,3.0
315,Todos Santos,MX,2022-02-01 00:06:08,23.45,-110.2167,76.1,58,1,13.06
316,Stabat,ID,2022-02-01 00:06:09,3.761,98.4513,77.25,97,90,2.24
317,Batagay-Alyta,RU,2022-02-01 00:05:24,67.8006,130.4114,-21.48,100,98,3.2
318,Auki,SB,2022-02-01 00:07:09,-8.7676,160.7034,85.86,66,100,1.34
319,Xucheng,CN,2022-02-01 00:07:10,20.35,110.1288,58.3,85,97,19.08
320,Barreirinhas,BR,2022-02-01 00:07:10,-2.7469,-42.8264,77.22,88,27,7.56
321,Viedma,AR,2022-02-01 00:02:34,-40.8135,-62.9967,69.37,26,16,3.31
322,Abu Samrah,SY,2022-02-01 00:07:11,35.3029,37.1841,41.41,87,40,1.72
323,Plettenberg Bay,ZA,2022-02-01 00:07:11,-34.0527,23.3716,73.83,76,98,1.88
324,Xiamen,CN,2022-02-01 00:07:12,24.4798,118.0819,52.9,90,99,5.21
325,Boissevain,CA,2022-02-01 00:07:12,49.2306,-100.0559,32.65,95,100,14.74
326,Lagos,NG,2022-02-01 00:05:09,6.5833,3.75,70.27,85,7,1.61
327,Lamballe,FR,2022-02-01 00:07:13,48.4676,-2.5144,46.51,87,42,8.5
328,Warmbad,NA,2022-02-01 00:07:13,-28.45,18.7333,76.59,71,19,7.96
329,Maldonado,UY,2022-02-01 00:07:14,-34.6667,-54.9167,63.79,65,4,5.59
330,Petropavlovsk-Kamchatskiy,RU,2022-02-01 00:07:14,53.0452,158.6483,25.39,74,100,13.42
331,Bella Union,UY,2022-02-01 00:07:15,-30.2752,-57.6007,81.28,37,4,10.85
332,Mahanoro,MG,2022-02-01 00:07:15,-19.9,48.8,75.31,85,61,5.91
333,Kamaishi,JP,2022-02-01 00:07:16,39.2667,141.8833,29.89,49,3,2.93
334,Shingu,JP,2022-02-01 00:07:16,33.7333,135.9833,40.91,50,8,4.85
335,Ishigaki,JP,2022-02-01 00:07:17,24.3448,124.1572,66.25,65,100,15.3
336,Rudnichnyy,RU,2022-02-01 00:07:17,59.617,52.4703,6.3,99,81,5.46
337,Shirokiy,RU,2022-02-01 00:07:18,49.758,129.523,-14.51,99,16,4.65
338,Tevaitoa,PF,2022-02-01 00:07:18,-16.7833,-151.5,80.92,73,5,20.56
339,Magadan,RU,2022-02-01 00:07:18,59.5667,150.8,4.41,77,94,12.08
340,Gambela,ET,2022-02-01 00:07:19,8.25,34.5833,77.88,33,24,2.35
341,Mandasa,IN,2022-02-01 00:07:19,18.8667,84.4667,64.83,80,18,4.47
342,Andra,RU,2022-02-01 00:02:55,62.5147,65.8878,-7.98,99,100,2.8
343,Naifaru,MV,2022-02-01 00:02:49,5.4444,73.3657,82.06,74,40,13.29
344,Les Cayes,HT,2022-02-01 00:07:20,18.2,-73.75,74.26,81,64,7.07
345,Troutdale,US,2022-02-01 00:07:21,45.5393,-122.3873,48.0,84,100,0.0
346,Sokolo,ML,2022-02-01 00:07:21,14.7328,-6.1219,76.19,16,52,12.59
347,Egvekinot,RU,2022-02-01 00:07:21,66.3167,-179.1667,1.6,70,85,13.33
348,Yangambi,CD,2022-02-01 00:07:22,0.8102,24.4336,70.12,83,96,2.91
349,Pasni,PK,2022-02-01 00:07:22,25.2631,63.471,72.57,41,0,12.59
350,Sonoita,MX,2022-02-01 00:07:23,31.85,-112.8333,69.53,12,96,5.46
351,Fare,PF,2022-02-01 00:04:09,-16.7,-151.0167,81.01,73,5,20.0
352,Ahuimanu,US,2022-02-01 00:07:17,21.4447,-157.8378,80.31,65,0,1.99
353,Katobu,ID,2022-02-01 00:07:24,-4.9408,122.5276,80.31,77,84,5.82
354,Udachnyy,RU,2022-02-01 00:03:40,66.4167,112.4,-36.04,100,81,3.38
355,Paamiut,GL,2022-02-01 00:07:24,61.994,-49.6678,20.88,79,100,16.35
356,Rabo De Peixe,PT,2022-02-01 00:07:25,37.8,-25.5833,58.51,94,40,8.05
357,Anyama,CI,2022-02-01 00:07:25,5.4946,-4.0518,79.61,83,100,1.14
358,Ahipara,NZ,2022-02-01 00:03:26,-35.1667,173.1667,71.6,79,99,15.5
359,Washington,US,2022-02-01 00:06:25,47.5001,-120.5015,39.06,70,4,3.4
360,Olafsvik,IS,2022-02-01 00:06:22,64.8945,-23.7142,25.84,80,87,23.2
361,Iqaluit,CA,2022-02-01 00:07:27,63.7506,-68.5145,-29.31,66,93,3.0
362,Inhambane,MZ,2022-02-01 00:06:37,-23.865,35.3833,75.52,83,37,6.51
363,Pochutla,MX,2022-02-01 00:07:27,15.7432,-96.4661,80.82,64,15,9.86
364,Grindavik,IS,2022-02-01 00:08:28,63.8424,-22.4338,36.07,87,20,35.68
365,Deputatskiy,RU,2022-02-01 00:08:28,69.3,139.9,-26.21,100,59,3.83
366,Kimbe,PG,2022-02-01 00:04:34,-5.5502,150.1429,82.24,80,100,2.21
367,Caraquet,CA,2022-02-01 00:03:44,47.7941,-64.9386,7.84,79,63,13.22
368,San Andres,CO,2022-02-01 00:08:29,12.5847,-81.7006,78.82,78,75,9.22
369,Trincomalee,LK,2022-02-01 00:08:30,8.5711,81.2335,79.59,65,24,8.25
370,Talas,TR,2022-02-01 00:04:23,38.6908,35.5538,27.27,100,75,0.0
371,Tiznit,MA,2022-02-01 00:08:30,29.5833,-9.5,63.37,42,99,5.1
372,Suarez,CO,2022-02-01 00:08:31,2.954,-76.6964,66.88,96,100,3.27
373,Sabang,ID,2022-02-01 00:08:31,5.8933,95.3214,81.52,74,100,11.1
374,Honiara,SB,2022-02-01 00:08:32,-9.4333,159.95,85.93,72,95,3.94
375,Kikwit,CD,2022-02-01 00:08:32,-5.041,18.8162,71.29,93,100,1.03
376,Paranaiba,BR,2022-02-01 00:08:33,-19.6772,-51.1908,71.71,91,100,4.56
377,Geraldton,AU,2022-02-01 00:08:33,-28.7667,114.6,72.12,56,3,20.71
378,Antofagasta,CL,2022-02-01 00:06:03,-23.65,-70.4,65.05,83,4,5.28
379,Bara,NG,2022-02-01 00:08:34,10.3744,10.7288,62.31,26,1,8.93
380,Seoul,KR,2022-02-01 00:08:35,37.5683,126.9778,28.81,82,97,8.01
381,Salinas,US,2022-02-01 00:05:43,36.6777,-121.6555,59.97,75,0,9.22
382,Port Macquarie,AU,2022-02-01 00:08:35,-31.4333,152.9167,84.88,66,8,3.29
383,Sydney,AU,2022-02-01 00:06:25,-33.8679,151.2073,89.58,66,20,3.0
384,Fortuna,US,2022-02-01 00:08:36,40.5982,-124.1573,53.85,71,20,5.01
385,Visnes,NO,2022-02-01 00:08:03,59.3556,5.2242,34.57,80,100,9.22
386,Inverness,GB,2022-02-01 00:05:34,57.4791,-4.224,53.98,88,75,3.0
387,Aksu,CN,2022-02-01 00:08:38,41.1231,80.2644,24.8,44,18,3.71
388,Roseau,DM,2022-02-01 00:08:38,15.3017,-61.3881,77.5,75,59,9.28
389,Kaeo,NZ,2022-02-01 00:08:39,-35.1,173.7833,73.33,86,100,14.94
390,Eureka,US,2022-02-01 00:05:03,40.8021,-124.1637,54.12,71,83,10.0
391,Asau,RO,2022-02-01 00:08:39,46.4333,26.4,32.95,70,100,3.98
392,Santa Cruz,BO,2022-02-01 00:05:15,-17.8,-63.1667,74.66,83,75,13.8
393,San Patricio,US,2022-02-01 00:07:32,28.017,-97.5169,69.89,97,97,11.1
394,Angul,IN,2022-02-01 00:08:42,20.85,85.1,58.17,39,3,2.28
395,Porterville,US,2022-02-01 00:08:42,36.0652,-119.0168,57.52,58,0,3.44
396,Yendi,GH,2022-02-01 00:08:43,9.4427,-0.0099,78.08,11,100,7.45
397,Uthal,PK,2022-02-01 00:08:43,25.8072,66.6219,68.67,54,0,5.86
398,Kathu,TH,2022-02-01 00:08:44,7.9178,98.3332,78.62,79,72,8.97
399,Atar,MR,2022-02-01 00:08:44,20.5169,-13.0499,80.06,13,100,8.19
400,Kananga,CD,2022-02-01 00:08:45,-5.8958,22.4178,67.57,96,100,2.37
401,Djougou,BJ,2022-02-01 00:07:07,9.7085,1.666,72.93,13,100,7.96
402,Enid,US,2022-02-01 00:07:20,36.3956,-97.8784,65.14,33,0,12.66
403,Jaguey Grande,CU,2022-02-01 00:08:46,22.5269,-81.1286,63.25,59,0,10.78
404,Ponta Delgada,PT,2022-02-01 00:08:46,37.7333,-25.6667,59.72,72,40,8.05
405,Voh,NC,2022-02-01 00:08:47,-20.9667,164.7,87.33,55,100,6.55
406,Mamlyutka,KZ,2022-02-01 00:08:47,54.9375,68.5394,19.98,95,97,10.0
407,Lugovoy,KZ,2022-02-01 00:08:47,42.9472,72.7644,28.33,62,100,3.31
408,Isangel,VU,2022-02-01 00:04:55,-19.55,169.2667,78.19,90,100,10.51
409,Sibolga,ID,2022-02-01 00:08:48,1.7427,98.7792,74.98,89,53,3.78
410,Katsuura,JP,2022-02-01 00:09:48,35.1333,140.3,46.18,43,77,5.3
411,Carlsbad,US,2022-02-01 00:09:50,33.1581,-117.3506,67.28,79,0,1.99
412,Buchanan,LR,2022-02-01 00:09:51,5.8808,-10.0467,76.96,88,82,2.82
413,Port Lincoln,AU,2022-02-01 00:09:51,-34.7333,135.8667,64.49,60,72,21.59
414,Broken Hill,AU,2022-02-01 00:09:52,-31.95,141.4333,78.85,61,100,9.44
415,Sobolevo,RU,2022-02-01 00:09:49,54.4299,31.8996,23.67,97,100,5.88
416,Beloha,MG,2022-02-01 00:09:52,-25.1667,45.05,71.76,81,47,12.24
417,Dunedin,NZ,2022-02-01 00:09:53,-45.8742,170.5036,65.8,82,82,11.01
418,Suntar,RU,2022-02-01 00:09:53,62.1444,117.6319,-11.81,100,97,2.64
419,Burkburnett,US,2022-02-01 00:09:54,34.0979,-98.5706,66.88,39,20,1.01
420,Foshan,CN,2022-02-01 00:09:54,23.0268,113.1315,49.08,76,100,9.82
421,Fuquay-Varina,US,2022-02-01 00:09:55,35.5843,-78.8,43.95,59,15,6.69
422,Zyryanka,RU,2022-02-01 00:09:55,65.75,150.85,-12.08,94,100,11.48
423,Ossora,RU,2022-02-01 00:09:56,59.2353,163.0719,19.96,94,100,13.98
424,Haines Junction,CA,2022-02-01 00:09:56,60.7522,-137.5108,-7.51,97,89,0.22
425,Mecca,SA,2022-02-01 00:09:24,21.4267,39.8261,61.0,64,19,9.75
426,San Luis,AR,2022-02-01 00:09:57,-33.295,-66.3356,77.04,39,17,7.99
427,Dakar,SN,2022-02-01 00:08:58,14.6937,-17.4441,72.48,81,99,21.94
428,Ciudad Bolivar,VE,2022-02-01 00:09:58,8.1222,-63.5497,84.7,50,95,12.3
429,Palmer,US,2022-02-01 00:09:58,42.1584,-72.3287,19.81,64,53,1.01
430,Kaele,CM,2022-02-01 00:09:59,10.1092,14.4508,67.37,17,14,11.05
431,Bandarbeyla,SO,2022-02-01 00:10:00,9.4942,50.8122,76.44,77,58,15.1
432,Chapais,CA,2022-02-01 00:07:38,49.7834,-74.8492,-17.48,99,79,3.04
433,Hammerfest,NO,2022-02-01 00:10:01,70.6634,23.6821,21.65,79,0,3.44
434,Port-Gentil,GA,2022-02-01 00:10:02,-0.7193,8.7815,80.96,77,36,7.49
435,Nhulunbuy,AU,2022-02-01 00:10:02,-12.2333,136.7667,84.81,79,75,11.5
436,Guerrero Negro,MX,2022-02-01 00:10:03,27.9769,-114.0611,65.75,48,21,11.79
437,Bilibino,RU,2022-02-01 00:10:03,68.0546,166.4372,7.56,68,100,5.28
438,Wentzville,US,2022-02-01 00:10:04,38.8114,-90.8529,47.62,74,99,8.93
439,Wawa,NG,2022-02-01 00:10:04,9.9022,4.4192,74.03,20,92,7.0
440,Motygino,RU,2022-02-01 00:10:05,58.1831,94.7592,-7.46,99,71,2.26
441,Kijang,KR,2022-02-01 00:10:05,35.2442,129.2139,36.54,51,11,12.64
442,Domoni,KM,2022-02-01 00:10:06,-12.2569,44.5319,79.59,84,95,5.32
443,Galesong,ID,2022-02-01 00:10:07,-5.3166,119.3661,75.22,79,99,6.44
444,Garden City,US,2022-02-01 00:05:35,42.3256,-83.331,26.94,72,40,4.61
445,Labuhan,ID,2022-02-01 00:05:27,-6.8844,112.2051,79.07,84,100,5.99
446,Quzhou,CN,2022-02-01 00:10:08,28.9594,118.8686,39.72,98,100,6.29
447,Havre,FR,2022-02-01 00:10:09,49.5833,0.3333,45.0,81,20,16.11
448,Neftcala,AZ,2022-02-01 00:10:10,39.3742,49.2472,44.83,57,57,6.6
449,Kundiawa,PG,2022-02-01 00:10:12,-6.0167,144.9667,67.15,82,100,3.67
450,Sayat,TM,2022-02-01 00:10:12,38.7839,63.8803,43.12,67,1,8.21
451,Half Moon Bay,US,2022-02-01 00:08:34,37.4636,-122.4286,62.02,73,75,1.99
452,Kuching,MY,2022-02-01 00:10:13,1.55,110.3333,75.42,94,20,1.14
453,Jalingo,NG,2022-02-01 00:10:13,8.8833,11.3667,69.64,18,24,5.73
454,Krasnoselkup,RU,2022-02-01 00:10:14,65.7,82.4667,7.75,96,100,9.13
455,Vanimo,PG,2022-02-01 00:11:14,-2.6741,141.3028,81.05,69,100,5.19
456,Sorland,NO,2022-02-01 00:11:15,67.667,12.6934,34.09,56,100,10.71
457,Iskateley,RU,2022-02-01 00:11:15,67.6803,53.1512,9.03,96,100,6.67
458,Bull Savanna,JM,2022-02-01 00:11:16,17.8868,-77.5902,71.83,80,31,2.8
459,Kaihua,CN,2022-02-01 00:11:16,23.3687,104.28,43.12,97,100,4.5
460,Barabinsk,RU,2022-02-01 00:11:16,55.3571,78.357,11.86,96,97,10.74
461,Sharjah,AE,2022-02-01 00:10:13,25.3573,55.4033,69.26,63,0,2.95
462,Samaniego,CO,2022-02-01 00:11:17,1.3385,-77.5957,63.05,98,100,1.63
463,Champerico,GT,2022-02-01 00:11:19,14.3,-91.9167,81.28,67,6,6.69
464,Stettler,CA,2022-02-01 00:11:21,52.3168,-112.7186,1.33,90,100,14.76
465,Vila,PT,2022-02-01 00:11:21,42.0304,-8.1588,40.08,74,2,6.35
466,Stephenville,US,2022-02-01 00:11:21,32.2207,-98.2023,62.94,73,40,13.8
467,Hukuntsi,BW,2022-02-01 00:11:22,-24.0,21.75,71.8,71,100,13.04
468,Mitchell,US,2022-02-01 00:10:28,43.7094,-98.0298,51.78,31,0,8.01
469,Bairiki,KI,2022-02-01 00:11:23,1.3292,172.9752,82.22,74,83,18.12
470,Safakulevo,RU,2022-02-01 00:11:23,54.9901,62.5442,-0.2,99,94,4.14
471,Bengkulu,ID,2022-02-01 00:11:24,-3.8004,102.2655,75.85,86,100,3.87
472,Falesti,MD,2022-02-01 00:11:24,47.5736,27.7092,30.47,73,100,3.38
473,Husavik,IS,2022-02-01 00:07:49,66.0449,-17.3389,21.81,92,100,14.81
474,Fernandopolis,BR,2022-02-01 00:11:25,-20.2839,-50.2464,70.09,91,100,4.36
475,Mitsamiouli,KM,2022-02-01 00:11:25,-11.3847,43.2844,81.09,75,42,3.71
476,Asyut,EG,2022-02-01 00:11:26,27.181,31.1837,49.23,72,5,5.5
477,Sao Felix Do Xingu,BR,2022-02-01 00:10:11,-6.6447,-51.995,71.64,97,98,1.1
478,Huai Yot,TH,2022-02-01 00:11:27,7.7893,99.6348,71.92,96,34,3.2
479,Nadadores,MX,2022-02-01 00:11:27,27.05,-101.6,79.25,15,0,9.06
480,Balkanabat,TM,2022-02-01 00:11:28,39.5108,54.3671,47.05,37,12,4.94
481,Yuncheng,CN,2022-02-01 00:11:29,35.0231,110.9928,23.14,59,20,3.44
482,Yaring,TH,2022-02-01 00:11:30,6.8662,101.3689,74.95,87,8,6.22
483,Dharchula,IN,2022-02-01 00:11:31,29.85,80.5333,42.6,67,49,5.7
484,Manokwari,ID,2022-02-01 00:11:34,-0.8667,134.0833,78.76,74,100,11.21
485,Kamenka,RU,2022-02-01 00:11:35,51.3223,42.7678,31.75,89,100,17.92
486,Zhanaozen,KZ,2022-02-01 00:11:35,43.3,52.8,33.76,88,56,8.95
487,Mbengwi,CM,2022-02-01 00:11:36,6.0167,10.0,62.19,33,28,1.34
488,Shepsi,RU,2022-02-01 00:11:37,44.0361,39.1489,41.99,81,88,8.37
489,Sioux Lookout,CA,2022-02-01 00:11:38,50.1001,-91.917,23.29,91,100,9.06
490,Kalevala,RU,2022-02-01 00:11:41,65.2,31.1667,12.2,95,100,8.3
491,Bushehr,IR,2022-02-01 00:11:44,28.9684,50.8385,63.12,62,80,4.99
492,Bitung,ID,2022-02-01 00:11:45,1.4451,125.1824,79.65,81,98,9.06
493,Novoselitskoye,RU,2022-02-01 00:11:46,44.7508,43.4369,31.87,86,100,4.29
494,Boyolangu,ID,2022-02-01 00:11:49,-8.1181,111.8935,77.25,85,100,2.3
495,Kalemie,CD,2022-02-01 00:11:51,-5.9475,29.1947,68.58,91,98,5.17
496,Cap Malheureux,MU,2022-02-01 00:11:51,-19.9842,57.6142,79.47,72,67,11.01
497,Touros,BR,2022-02-01 00:09:48,-5.1989,-35.4608,80.42,73,62,12.17
498,Prince Rupert,CA,2022-02-01 00:11:52,54.3161,-130.3201,36.9,91,97,1.83
499,Ngunguru,NZ,2022-02-01 00:11:53,-35.6167,174.5,73.17,77,98,17.96
500,Urumqi,CN,2022-02-01 00:11:53,43.801,87.6005,-3.05,85,75,2.24
501,Porto Santo,PT,2022-02-01 00:12:53,33.072,-16.3415,65.3,82,40,21.85
502,Avera,US,2022-02-01 00:12:55,33.194,-82.5271,50.72,50,97,5.44
503,Abha,SA,2022-02-01 00:12:55,18.2164,42.5053,51.67,81,2,5.37
504,Fort-Shevchenko,KZ,2022-02-01 00:12:56,44.5086,50.263,39.87,82,100,2.82
505,Bavaniste,RS,2022-02-01 00:12:56,44.8189,20.8758,36.07,88,100,3.6
506,Sitka,US,2022-02-01 00:12:57,57.0531,-135.33,35.49,80,75,0.0
507,Lata,PT,2022-02-01 00:12:57,40.1629,-8.3327,50.04,60,0,4.76
508,Lerwick,GB,2022-02-01 00:12:58,60.1545,-1.1494,42.8,97,100,27.09
509,Talakan,RU,2022-02-01 00:12:58,50.3167,130.3667,-13.85,100,98,1.43
510,Manono,CD,2022-02-01 00:12:59,-7.3,27.4167,66.27,99,98,2.73
511,Saint Anthony,US,2022-02-01 00:13:00,45.0205,-93.218,28.92,75,0,8.01
512,Mandalgovi,MN,2022-02-01 00:13:00,45.7625,106.2708,2.3,57,3,6.22
513,Camacha,PT,2022-02-01 00:13:00,33.0833,-16.3333,62.53,82,40,21.85
514,Pozo Colorado,PY,2022-02-01 00:13:02,-23.4923,-58.7972,85.93,24,14,6.08
515,Qandala,SO,2022-02-01 00:13:03,11.472,49.8728,75.47,82,30,8.19
516,Ust-Kuyga,RU,2022-02-01 00:13:03,70.0167,135.6,-30.89,100,99,2.37
517,Trairi,BR,2022-02-01 00:13:05,-3.2778,-39.2689,78.84,76,25,9.98
518,Malinyi,TZ,2022-02-01 00:13:06,-8.9333,36.1333,70.59,98,100,1.88
519,Cassia,BR,2022-02-01 00:13:07,-20.5831,-46.9219,67.82,96,98,1.74
520,Sheltozero,RU,2022-02-01 00:13:08,61.3667,35.3667,18.59,94,100,8.61
521,San Jose,US,2022-02-01 00:10:36,37.3394,-121.895,61.99,68,100,1.99
522,Torbay,CA,2022-02-01 00:13:10,47.6666,-52.7314,32.58,76,40,3.0
523,Hay River,CA,2022-02-01 00:11:53,60.8156,-115.7999,-4.18,93,98,9.57
524,Uspenka,UA,2022-02-01 00:13:11,48.3903,39.1619,30.58,88,95,12.75
525,Catamarca,AR,2022-02-01 00:13:12,-28.4696,-65.7852,84.78,43,75,1.99
526,Sambava,MG,2022-02-01 00:13:12,-14.2667,50.1667,76.14,88,100,7.99
527,Bilma,NE,2022-02-01 00:09:16,18.6853,12.9164,54.1,22,0,5.93
528,Ayr,GB,2022-02-01 00:13:13,55.4627,-4.6339,49.89,93,75,16.11
529,Clovis,US,2022-02-01 00:12:41,36.8252,-119.7029,59.86,60,100,6.91
530,Tripoli,LY,2022-02-01 00:13:14,32.8752,13.1875,55.51,40,67,19.04
531,Cache Creek,CA,2022-02-01 00:13:15,50.8101,-121.3246,33.03,87,71,1.72
532,Tautira,PF,2022-02-01 00:12:29,-17.7333,-149.15,86.02,78,33,19.39
533,Port Hardy,CA,2022-02-01 00:13:15,50.6996,-127.4199,44.76,76,60,11.74
534,Tura,IN,2022-02-01 00:13:16,25.5198,90.2201,54.81,65,25,4.99
535,Sisimiut,GL,2022-02-01 00:13:16,66.9395,-53.6735,6.17,88,100,6.71
536,Navoloki,RU,2022-02-01 00:13:17,57.4657,41.9634,23.9,96,100,8.77
537,Santa Lucia,ES,2022-02-01 00:13:17,27.9117,-15.5407,64.76,70,100,5.75
538,Kankaanpaa,FI,2022-02-01 00:13:20,61.8,22.4167,9.81,95,63,5.06
539,Malm,NO,2022-02-01 00:13:21,64.0721,11.2172,34.79,95,100,5.48
540,Tefe,BR,2022-02-01 00:13:22,-3.3542,-64.7114,74.59,96,79,2.73
541,Khandyga,RU,2022-02-01 00:13:20,62.6667,135.6,-34.37,100,90,2.3
542,Kudat,MY,2022-02-01 00:13:22,6.8837,116.8477,79.03,83,30,9.19
543,Teknaf,BD,2022-02-01 00:13:24,20.8624,92.3058,58.21,65,47,6.46
544,Laramie,US,2022-02-01 00:13:24,41.3114,-105.5911,39.13,51,40,25.32
545,Vila Franca Do Campo,PT,2022-02-01 00:13:25,37.7167,-25.4333,59.41,82,54,14.56
546,Matara,LK,2022-02-01 00:13:25,5.9485,80.5353,73.06,89,16,9.13
547,Aleksandrovskiy Zavod,RU,2022-02-01 00:14:26,50.9237,117.9374,-21.62,99,54,3.13
548,Nova Russas,BR,2022-02-01 00:14:27,-4.7067,-40.5631,79.18,49,26,3.74
549,Rucheng,CN,2022-02-01 00:14:27,32.3883,120.5553,40.98,50,69,7.18
550,Rocha,UY,2022-02-01 00:14:27,-34.4833,-54.3333,60.15,63,6,6.4
551,Fairbanks,US,2022-02-01 00:14:29,64.8378,-147.7164,-6.39,71,0,0.0
552,Biak,ID,2022-02-01 00:14:29,-0.9131,122.8766,80.44,69,92,2.77
553,Petersburg,US,2022-02-01 00:14:30,37.2279,-77.4019,38.35,66,0,3.44
554,Pangnirtung,CA,2022-02-01 00:14:30,66.1451,-65.7125,-30.37,94,96,3.69
555,Kulhudhuffushi,MV,2022-02-01 00:14:31,6.6221,73.07,81.64,72,4,9.6
556,Coquimbo,CL,2022-02-01 00:14:31,-29.9533,-71.3436,64.65,79,59,6.33
557,Hambantota,LK,2022-02-01 00:14:32,6.1241,81.1185,74.91,81,21,13.0
558,Cabo San Lucas,MX,2022-02-01 00:14:32,22.8909,-109.9124,76.6,60,1,4.0
559,Chorozinho,BR,2022-02-01 00:14:33,-4.3003,-38.4978,74.25,92,34,3.91
560,Padang,ID,2022-02-01 00:14:33,-0.9492,100.3543,77.05,88,66,2.06
561,Soyo,AO,2022-02-01 00:14:34,-6.1349,12.3689,78.39,86,97,5.75
562,Adrar,MR,2022-02-01 00:14:34,20.5022,-10.0711,73.67,14,100,10.71
563,Yambio,SS,2022-02-01 00:14:35,4.5721,28.3955,74.53,30,83,2.3
564,Agirish,RU,2022-02-01 00:14:35,61.9247,63.0231,-6.27,99,99,1.79
565,Douentza,ML,2022-02-01 00:14:36,14.9951,-2.9517,70.3,17,58,5.75
566,Sakakah,SA,2022-02-01 00:14:36,29.9697,40.2064,45.23,57,2,9.84
567,Kysyl-Syr,RU,2022-02-01 00:14:38,63.8986,122.7617,-30.75,99,59,4.05
568,Tolaga Bay,NZ,2022-02-01 00:14:39,-38.3667,178.3,71.67,61,55,13.29
569,La Ronge,CA,2022-02-01 00:14:40,55.1001,-105.2842,3.45,72,100,17.27
570,Garowe,SO,2022-02-01 00:14:41,8.4054,48.4845,68.0,88,67,9.48
571,Santiago Del Estero,AR,2022-02-01 00:14:42,-27.7951,-64.2615,85.06,31,72,7.14
572,Lebyazhye,RU,2022-02-01 00:14:44,55.2689,66.4947,12.22,98,94,7.43
573,Grootfontein,NA,2022-02-01 00:14:45,-19.5667,18.1167,64.53,93,100,16.2
574,Alberdi,AR,2022-02-01 00:14:45,-32.8899,-60.6906,78.04,44,0,1.99
575,Matagami,CA,2022-02-01 00:13:18,49.7502,-77.6328,-9.58,96,62,4.7
